"TimeUTC","timestampInMs","requestPath","requestMethod","requestQueryString","responseStatusCode","requestId","requestUserAgent","level","environment","branch","vercelCache","type","function","host","deploymentDomain","deploymentId","durationMs","region","maxMemoryUsed","memorySize","message","projectId","traceId","sessionId","invocationId","instanceId","concurrency"
"2025-10-09 23:32:10",1760052730424,"www.samanaffa.com/api/transactions/intent","GET","userId=cmg9f5vj2000li4fomlq9ths8&limit=5&offset=2",200,"7zcmx-1760052730378-794de8d5044f","Mozilla/5.0 (Macintosh; Intel Mac OS X 10_15_7) AppleWebKit/537.36 (KHTML, like Gecko) Chrome/140.0.0.0 Safari/537.36 Edg/140.0.0.0","info","production","main","","lambda","/api/transactions/intent","www.samanaffa.com","www.samanaffa.com","dpl_5owdQ5YGHVWBGMzx6AKdgraAmXeR",327,"iad1",147,2048,"","prj_RbTSqujZK7ZAbbRKQ3Bc1AnoDqSM","","","01K75N2PHRMEBKNNR57C4HTVZZ","O4IHBJTUjDAi",1
"2025-10-09 23:32:05",1760052725732,"www.samanaffa.com/api/transactions/intent","GET","userId=cmg9f5vj2000li4fomlq9ths8&limit=5&offset=0",200,"zdf8m-1760052725683-979db9033d32","Mozilla/5.0 (Macintosh; Intel Mac OS X 10_15_7) AppleWebKit/537.36 (KHTML, like Gecko) Chrome/140.0.0.0 Safari/537.36 Edg/140.0.0.0","info","production","main","","lambda","/api/transactions/intent","www.samanaffa.com","www.samanaffa.com","dpl_5owdQ5YGHVWBGMzx6AKdgraAmXeR",247,"iad1",146,2048,"","prj_RbTSqujZK7ZAbbRKQ3Bc1AnoDqSM","","","01K75N2HZ4X69DY9PQTVFPCDXQ","O4IHBJTUjDAi",1
"2025-10-09 23:32:02",1760052722809,"www.samanaffa.com/api/transactions/intent","GET","userId=cmg9f5vj2000li4fomlq9ths8&limit=5&offset=3",200,"tn6gz-1760052722759-2d20971694e8","Mozilla/5.0 (Macintosh; Intel Mac OS X 10_15_7) AppleWebKit/537.36 (KHTML, like Gecko) Chrome/140.0.0.0 Safari/537.36 Edg/140.0.0.0","info","production","main","","lambda","/api/transactions/intent","www.samanaffa.com","www.samanaffa.com","dpl_5owdQ5YGHVWBGMzx6AKdgraAmXeR",327,"iad1",146,2048,"","prj_RbTSqujZK7ZAbbRKQ3Bc1AnoDqSM","","","01K75N2F3SPB43C68FX2K8NPTN","O4IHBJTUjDAi",1
"2025-10-09 23:31:52",1760052712233,"www.samanaffa.com/api/transactions/intent","GET","userId=cmg9f5vj2000li4fomlq9ths8&limit=5&offset=0",200,"kltqr-1760052712188-bd2ca1e95f8f","Mozilla/5.0 (Macintosh; Intel Mac OS X 10_15_7) AppleWebKit/537.36 (KHTML, like Gecko) Chrome/140.0.0.0 Safari/537.36 Edg/140.0.0.0","info","production","main","","lambda","/api/transactions/intent","www.samanaffa.com","www.samanaffa.com","dpl_5owdQ5YGHVWBGMzx6AKdgraAmXeR",488,"iad1",146,2048,"","prj_RbTSqujZK7ZAbbRKQ3Bc1AnoDqSM","","","01K75N24S99TN50BRFG51J6M3G","O4IHBJTUjDAi",1
"2025-10-09 23:31:48",1760052708944,"www.samanaffa.com/api/transactions/intent","GET","userId=cmg9f5vj2000li4fomlq9ths8&limit=5&offset=0",200,"mmdqk-1760052708900-002fbf2d957a","Mozilla/5.0 (Macintosh; Intel Mac OS X 10_15_7) AppleWebKit/537.36 (KHTML, like Gecko) Chrome/140.0.0.0 Safari/537.36 Edg/140.0.0.0","info","production","main","","lambda","/api/transactions/intent","www.samanaffa.com","www.samanaffa.com","dpl_5owdQ5YGHVWBGMzx6AKdgraAmXeR",477,"iad1",174,2048,"","prj_RbTSqujZK7ZAbbRKQ3Bc1AnoDqSM","","","01K75N21JG045TC3EYKMBCDQ31","nJlmQJBPkpUV",1
"2025-10-09 23:31:48",1760052708595,"www.samanaffa.com/api/notifications","GET","",200,"q6nkj-1760052708543-39e599c6eb90","Mozilla/5.0 (Macintosh; Intel Mac OS X 10_15_7) AppleWebKit/537.36 (KHTML, like Gecko) Chrome/140.0.0.0 Safari/537.36 Edg/140.0.0.0","info","production","main","","lambda","/api/notifications","www.samanaffa.com","www.samanaffa.com","dpl_5owdQ5YGHVWBGMzx6AKdgraAmXeR",1979,"iad1",145,2048,"","prj_RbTSqujZK7ZAbbRKQ3Bc1AnoDqSM","","","01K75N217KVE681ZWCXQN35WD3","O4IHBJTUjDAi",1
"2025-10-09 23:31:48",1760052708590,"www.samanaffa.com/api/accounts","GET","",200,"mmdqk-1760052708544-f5b6affed43c","Mozilla/5.0 (Macintosh; Intel Mac OS X 10_15_7) AppleWebKit/537.36 (KHTML, like Gecko) Chrome/140.0.0.0 Safari/537.36 Edg/140.0.0.0","info","production","main","","lambda","/api/accounts","www.samanaffa.com","www.samanaffa.com","dpl_5owdQ5YGHVWBGMzx6AKdgraAmXeR",166,"iad1",174,2048,"","prj_RbTSqujZK7ZAbbRKQ3Bc1AnoDqSM","","","01K75N217ETS0K7ENC9Q1F6Y9E","nJlmQJBPkpUV",1
"2025-10-09 23:31:47",1760052707942,"www.samanaffa.com/api/users/profile","GET","",200,"p8b78-1760052707899-821f913d5a63","Mozilla/5.0 (Macintosh; Intel Mac OS X 10_15_7) AppleWebKit/537.36 (KHTML, like Gecko) Chrome/140.0.0.0 Safari/537.36 Edg/140.0.0.0","info","production","main","","lambda","/api/users/profile","www.samanaffa.com","www.samanaffa.com","dpl_5owdQ5YGHVWBGMzx6AKdgraAmXeR",475,"iad1",174,2048,"","prj_RbTSqujZK7ZAbbRKQ3Bc1AnoDqSM","","","01K75N20K6DXJJJ547E6D8CB5R","nJlmQJBPkpUV",1
"2025-10-09 23:31:47",1760052707756,"www.samanaffa.com/portal/sama-naffa","GET","",200,"p8b78-1760052707739-739b1229c677","Mozilla/5.0 (Macintosh; Intel Mac OS X 10_15_7) AppleWebKit/537.36 (KHTML, like Gecko) Chrome/140.0.0.0 Safari/537.36 Edg/140.0.0.0","info","production","main","","edge-middleware","/middleware","www.samanaffa.com","www.samanaffa.com","dpl_5owdQ5YGHVWBGMzx6AKdgraAmXeR",-1,"lhr1",-1,-1,"","prj_RbTSqujZK7ZAbbRKQ3Bc1AnoDqSM","","","01K75N20DCS5CTQ7QFFRYKRA3S","n87QX6NvicP8",-1
"2025-10-09 23:31:42",1760052702555,"www.samanaffa.com/api/auth/session","GET","",200,"mmdqk-1760052702507-d7e087ad2a38","Mozilla/5.0 (Macintosh; Intel Mac OS X 10_15_7) AppleWebKit/537.36 (KHTML, like Gecko) Chrome/140.0.0.0 Safari/537.36 Edg/140.0.0.0","info","production","main","","lambda","/api/auth/[...nextauth]","www.samanaffa.com","www.samanaffa.com","dpl_5owdQ5YGHVWBGMzx6AKdgraAmXeR",12,"iad1",174,2048,"","prj_RbTSqujZK7ZAbbRKQ3Bc1AnoDqSM","","","01K75N1VAV7KCJX2CZ0AXBY8YC","nJlmQJBPkpUV",1
"2025-10-09 23:31:41",1760052701614,"www.samanaffa.com/portal/sama-naffa/payment-success","GET","transactionId=cmgk1wkrv0003kz04kml3tmyj&referenceNumber=SAMA_NAFFA-DEPOSIT-1760052649824-0BNJLP&amount=2&status=success&num_transaction_from_gu=1760052652343&num_command=SAMA_NAFFA-DEPOSIT-1760052649824-0BNJLP&errorCode=200",200,"nbb5r-1760052701606-dff0c517f93c","Mozilla/5.0 (Macintosh; Intel Mac OS X 10_15_7) AppleWebKit/537.36 (KHTML, like Gecko) Chrome/140.0.0.0 Safari/537.36 Edg/140.0.0.0","info","production","main","","edge-middleware","/middleware","www.samanaffa.com","www.samanaffa.com","dpl_5owdQ5YGHVWBGMzx6AKdgraAmXeR",-1,"lhr1",-1,-1,"","prj_RbTSqujZK7ZAbbRKQ3Bc1AnoDqSM","","","01K75N1TDE3CD1NYB957V0K0F4","n87QX6NvicP8",-1
"2025-10-09 23:30:50",1760052650211,"www.samanaffa.com/api/transactions/intent","POST","",200,"kc777-1760052650168-ce302adaa569","Mozilla/5.0 (Macintosh; Intel Mac OS X 10_15_7) AppleWebKit/537.36 (KHTML, like Gecko) Chrome/140.0.0.0 Safari/537.36 Edg/140.0.0.0","info","production","main","","lambda","/api/transactions/intent","www.samanaffa.com","www.samanaffa.com","dpl_5owdQ5YGHVWBGMzx6AKdgraAmXeR",1318,"iad1",174,2048,"","prj_RbTSqujZK7ZAbbRKQ3Bc1AnoDqSM","","","01K75N08730XTKN8PA0NA4ZPET","nJlmQJBPkpUV",1
"2025-10-09 23:30:50",1760052650023,"www.samanaffa.com/api/payments/intouch/config","GET","",200,"kc777-1760052649980-e257c673cc00","Mozilla/5.0 (Macintosh; Intel Mac OS X 10_15_7) AppleWebKit/537.36 (KHTML, like Gecko) Chrome/140.0.0.0 Safari/537.36 Edg/140.0.0.0","info","production","main","","lambda","/api/payments/intouch/config","www.samanaffa.com","www.samanaffa.com","dpl_5owdQ5YGHVWBGMzx6AKdgraAmXeR",12,"iad1",174,2048,"","prj_RbTSqujZK7ZAbbRKQ3Bc1AnoDqSM","","","01K75N0817RZQ2JKWG6NT89VRJ","nJlmQJBPkpUV",1
"2025-10-09 23:30:49",1760052649004,"www.samanaffa.com/api/accounts","GET","",200,"kc777-1760052648957-1457536212da","Mozilla/5.0 (Macintosh; Intel Mac OS X 10_15_7) AppleWebKit/537.36 (KHTML, like Gecko) Chrome/140.0.0.0 Safari/537.36 Edg/140.0.0.0","info","production","main","","lambda","/api/accounts","www.samanaffa.com","www.samanaffa.com","dpl_5owdQ5YGHVWBGMzx6AKdgraAmXeR",795,"iad1",174,2048,"","prj_RbTSqujZK7ZAbbRKQ3Bc1AnoDqSM","","","01K75N071CQAMXBXV8E12B9534","nJlmQJBPkpUV",1
"2025-10-09 23:30:31",1760052631822,"www.samanaffa.com/api/auth/session","GET","",200,"7zcmx-1760052631777-e3cee6c2c2f4","Mozilla/5.0 (Macintosh; Intel Mac OS X 10_15_7) AppleWebKit/537.36 (KHTML, like Gecko) Chrome/140.0.0.0 Safari/537.36 Edg/140.0.0.0","info","production","main","","lambda","/api/auth/[...nextauth]","www.samanaffa.com","www.samanaffa.com","dpl_5owdQ5YGHVWBGMzx6AKdgraAmXeR",12,"iad1",174,2048,"","prj_RbTSqujZK7ZAbbRKQ3Bc1AnoDqSM","","","01K75MZP8EMKMFE16YEZRVZG3R","nJlmQJBPkpUV",1
"2025-10-09 23:30:31",1760052631443,"www.samanaffa.com/api/auth/session","GET","",200,"nv7nk-1760052631394-5c68211fe9ec","Mozilla/5.0 (Macintosh; Intel Mac OS X 10_15_7) AppleWebKit/537.36 (KHTML, like Gecko) Chrome/140.0.0.0 Safari/537.36 Edg/140.0.0.0","info","production","main","","lambda","/api/auth/[...nextauth]","www.samanaffa.com","www.samanaffa.com","dpl_5owdQ5YGHVWBGMzx6AKdgraAmXeR",14,"iad1",174,2048,"","prj_RbTSqujZK7ZAbbRKQ3Bc1AnoDqSM","","","01K75MZNWKJKD5AXS5MJRSGCGJ","nJlmQJBPkpUV",1
"2025-10-09 23:23:42",1760052222201,"www.samanaffa.com/api/auth/session","GET","",200,"dgjgd-1760052222151-2093a5dbb063","Mozilla/5.0 (Macintosh; Intel Mac OS X 10_15_7) AppleWebKit/537.36 (KHTML, like Gecko) Chrome/140.0.0.0 Safari/537.36 Edg/140.0.0.0","info","production","main","","lambda","/api/auth/[...nextauth]","www.samanaffa.com","www.samanaffa.com","dpl_5owdQ5YGHVWBGMzx6AKdgraAmXeR",12,"iad1",174,2048,"","prj_RbTSqujZK7ZAbbRKQ3Bc1AnoDqSM","","","01K75MK67SDHWTCB098TA6W2JG","nJlmQJBPkpUV",1
"2025-10-09 23:21:59",1760052119233,"www.samanaffa.com/api/transactions/intent","GET","userId=cmg9f5vj2000li4fomlq9ths8&limit=5&offset=4",200,"fxt9b-1760052119186-e519d499bd7a","Mozilla/5.0 (Macintosh; Intel Mac OS X 10_15_7) AppleWebKit/537.36 (KHTML, like Gecko) Chrome/140.0.0.0 Safari/537.36 Edg/140.0.0.0","info","production","main","","lambda","/api/transactions/intent","www.samanaffa.com","www.samanaffa.com","dpl_5owdQ5YGHVWBGMzx6AKdgraAmXeR",322,"iad1",174,2048,"","prj_RbTSqujZK7ZAbbRKQ3Bc1AnoDqSM","","","01K75MG1P12V6P2DG9XERKFZQ1","nJlmQJBPkpUV",1
"2025-10-09 23:21:55",1760052115373,"www.samanaffa.com/api/transactions/intent","GET","userId=cmg9f5vj2000li4fomlq9ths8&limit=5&offset=0",200,"stbsz-1760052115331-54de780a965b","Mozilla/5.0 (Macintosh; Intel Mac OS X 10_15_7) AppleWebKit/537.36 (KHTML, like Gecko) Chrome/140.0.0.0 Safari/537.36 Edg/140.0.0.0","info","production","main","","lambda","/api/transactions/intent","www.samanaffa.com","www.samanaffa.com","dpl_5owdQ5YGHVWBGMzx6AKdgraAmXeR",244,"iad1",174,2048,"","prj_RbTSqujZK7ZAbbRKQ3Bc1AnoDqSM","","","01K75MFXXDHYK3HC6XCHJ14PP6","nJlmQJBPkpUV",1
"2025-10-09 23:21:53",1760052113669,"www.samanaffa.com/api/transactions/intent","GET","userId=cmg9f5vj2000li4fomlq9ths8&limit=5&offset=0",200,"stbsz-1760052113626-5f3333a1e95e","Mozilla/5.0 (Macintosh; Intel Mac OS X 10_15_7) AppleWebKit/537.36 (KHTML, like Gecko) Chrome/140.0.0.0 Safari/537.36 Edg/140.0.0.0","info","production","main","","lambda","/api/transactions/intent","www.samanaffa.com","www.samanaffa.com","dpl_5owdQ5YGHVWBGMzx6AKdgraAmXeR",481,"iad1",174,2048,"","prj_RbTSqujZK7ZAbbRKQ3Bc1AnoDqSM","","","01K75MFW852FPNHDHKFBYY666G","nJlmQJBPkpUV",1
"2025-10-09 23:21:52",1760052112661,"www.samanaffa.com/api/accounts","GET","",200,"g4trm-1760052112617-a5b59185e239","Mozilla/5.0 (Macintosh; Intel Mac OS X 10_15_7) AppleWebKit/537.36 (KHTML, like Gecko) Chrome/140.0.0.0 Safari/537.36 Edg/140.0.0.0","info","production","main","","lambda","/api/accounts","www.samanaffa.com","www.samanaffa.com","dpl_5owdQ5YGHVWBGMzx6AKdgraAmXeR",807,"iad1",174,2048,"","prj_RbTSqujZK7ZAbbRKQ3Bc1AnoDqSM","","","01K75MFV8NF44NCT6HX54Y45BD","nJlmQJBPkpUV",1
"2025-10-09 23:21:52",1760052112661,"www.samanaffa.com/api/notifications","GET","",200,"dgjgd-1760052112617-15562b055aaa","Mozilla/5.0 (Macintosh; Intel Mac OS X 10_15_7) AppleWebKit/537.36 (KHTML, like Gecko) Chrome/140.0.0.0 Safari/537.36 Edg/140.0.0.0","info","production","main","","lambda","/api/notifications","www.samanaffa.com","www.samanaffa.com","dpl_5owdQ5YGHVWBGMzx6AKdgraAmXeR",322,"iad1",162,2048,"","prj_RbTSqujZK7ZAbbRKQ3Bc1AnoDqSM","","","01K75MFV8NF44NCT6HX7Z2S75J","19iBeMo2PYuB",1
"2025-10-09 23:21:52",1760052112310,"www.samanaffa.com/portal/sama-naffa","GET","",200,"s6qbm-1760052112306-ee361f7fdc07","Mozilla/5.0 (Macintosh; Intel Mac OS X 10_15_7) AppleWebKit/537.36 (KHTML, like Gecko) Chrome/140.0.0.0 Safari/537.36 Edg/140.0.0.0","info","production","main","","edge-middleware","/middleware","www.samanaffa.com","www.samanaffa.com","dpl_5owdQ5YGHVWBGMzx6AKdgraAmXeR",-1,"lhr1",-1,-1,"","prj_RbTSqujZK7ZAbbRKQ3Bc1AnoDqSM","","","01K75MFTXPMABCJGXR9EKHZRTD","vjLvxq5flyxQ",-1
"2025-10-09 23:21:50",1760052110674,"www.samanaffa.com/api/notifications","GET","",200,"s6qbm-1760052110628-19794dcc0e51","Mozilla/5.0 (Macintosh; Intel Mac OS X 10_15_7) AppleWebKit/537.36 (KHTML, like Gecko) Chrome/140.0.0.0 Safari/537.36 Edg/140.0.0.0","info","production","main","","lambda","/api/notifications","www.samanaffa.com","www.samanaffa.com","dpl_5owdQ5YGHVWBGMzx6AKdgraAmXeR",403,"iad1",162,2048,"","prj_RbTSqujZK7ZAbbRKQ3Bc1AnoDqSM","","","01K75MFSAJPFEQ3R6DX3PD1FAJ","19iBeMo2PYuB",1
"2025-10-09 23:21:50",1760052110230,"www.samanaffa.com/api/transactions/intent","GET","userId=cmg9f5vj2000li4fomlq9ths8&limit=10",200,"l49q4-1760052110184-805813946ad8","Mozilla/5.0 (Macintosh; Intel Mac OS X 10_15_7) AppleWebKit/537.36 (KHTML, like Gecko) Chrome/140.0.0.0 Safari/537.36 Edg/140.0.0.0","info","production","main","","lambda","/api/transactions/intent","www.samanaffa.com","www.samanaffa.com","dpl_5owdQ5YGHVWBGMzx6AKdgraAmXeR",244,"iad1",162,2048,"","prj_RbTSqujZK7ZAbbRKQ3Bc1AnoDqSM","","","01K75MFRWP82G4CNQ9DBR80GT5","19iBeMo2PYuB",1
"2025-10-09 23:21:49",1760052109574,"www.samanaffa.com/api/users/profile","GET","",200,"l49q4-1760052109530-53922f5da1bc","Mozilla/5.0 (Macintosh; Intel Mac OS X 10_15_7) AppleWebKit/537.36 (KHTML, like Gecko) Chrome/140.0.0.0 Safari/537.36 Edg/140.0.0.0","info","production","main","","lambda","/api/users/profile","www.samanaffa.com","www.samanaffa.com","dpl_5owdQ5YGHVWBGMzx6AKdgraAmXeR",484,"iad1",162,2048,"","prj_RbTSqujZK7ZAbbRKQ3Bc1AnoDqSM","","","01K75MFR866DYGMW9PWFHTAJK6","19iBeMo2PYuB",1
"2025-10-09 23:21:49",1760052109378,"www.samanaffa.com/portal/dashboard","GET","",200,"l49q4-1760052109375-48fbff8cda3f","Mozilla/5.0 (Macintosh; Intel Mac OS X 10_15_7) AppleWebKit/537.36 (KHTML, like Gecko) Chrome/140.0.0.0 Safari/537.36 Edg/140.0.0.0","info","production","main","","edge-middleware","/middleware","www.samanaffa.com","www.samanaffa.com","dpl_5owdQ5YGHVWBGMzx6AKdgraAmXeR",-1,"lhr1",-1,-1,"","prj_RbTSqujZK7ZAbbRKQ3Bc1AnoDqSM","","","01K75MFR22HE71SN0DN5T1WZDM","vjLvxq5flyxQ",-1
"2025-10-09 23:21:49",1760052109237,"www.samanaffa.com/api/auth/session","GET","",200,"l49q4-1760052109193-3961c8a4ca3e","Mozilla/5.0 (Macintosh; Intel Mac OS X 10_15_7) AppleWebKit/537.36 (KHTML, like Gecko) Chrome/140.0.0.0 Safari/537.36 Edg/140.0.0.0","info","production","main","","lambda","/api/auth/[...nextauth]","www.samanaffa.com","www.samanaffa.com","dpl_5owdQ5YGHVWBGMzx6AKdgraAmXeR",11,"iad1",161,2048,"","prj_RbTSqujZK7ZAbbRKQ3Bc1AnoDqSM","","","01K75MFQXND1A2WSMZ431J38ZZ","19iBeMo2PYuB",1
"2025-10-09 23:21:48",1760052108489,"www.samanaffa.com/api/auth/callback/credentials","POST","",200,"l49q4-1760052108446-54c0d5966eef","Mozilla/5.0 (Macintosh; Intel Mac OS X 10_15_7) AppleWebKit/537.36 (KHTML, like Gecko) Chrome/140.0.0.0 Safari/537.36 Edg/140.0.0.0","info","production","main","","lambda","/api/auth/[...nextauth]","www.samanaffa.com","www.samanaffa.com","dpl_5owdQ5YGHVWBGMzx6AKdgraAmXeR",535,"iad1",161,2048,"","prj_RbTSqujZK7ZAbbRKQ3Bc1AnoDqSM","","","01K75MFQ695V57B3FXGDTGMNS2","19iBeMo2PYuB",1
"2025-10-09 23:21:48",1760052108306,"www.samanaffa.com/api/auth/csrf","GET","",200,"l49q4-1760052108264-bfb002dbb5eb","Mozilla/5.0 (Macintosh; Intel Mac OS X 10_15_7) AppleWebKit/537.36 (KHTML, like Gecko) Chrome/140.0.0.0 Safari/537.36 Edg/140.0.0.0","info","production","main","","lambda","/api/auth/[...nextauth]","www.samanaffa.com","www.samanaffa.com","dpl_5owdQ5YGHVWBGMzx6AKdgraAmXeR",9,"iad1",161,2048,"","prj_RbTSqujZK7ZAbbRKQ3Bc1AnoDqSM","","","01K75MFQ0J1NYN7HSTS9N2ZGSG","19iBeMo2PYuB",1
"2025-10-09 23:21:48",1760052108127,"www.samanaffa.com/api/auth/providers","GET","",200,"l49q4-1760052108080-37f4b1093469","Mozilla/5.0 (Macintosh; Intel Mac OS X 10_15_7) AppleWebKit/537.36 (KHTML, like Gecko) Chrome/140.0.0.0 Safari/537.36 Edg/140.0.0.0","info","production","main","","lambda","/api/auth/[...nextauth]","www.samanaffa.com","www.samanaffa.com","dpl_5owdQ5YGHVWBGMzx6AKdgraAmXeR",9,"iad1",161,2048,"","prj_RbTSqujZK7ZAbbRKQ3Bc1AnoDqSM","","","01K75MFPTZY8MAPJDC04802KA2","19iBeMo2PYuB",1
"2025-10-09 23:21:47",1760052107219,"www.samanaffa.com/api/auth/login","POST","",200,"l49q4-1760052107004-e6b23085cd3e","Mozilla/5.0 (Macintosh; Intel Mac OS X 10_15_7) AppleWebKit/537.36 (KHTML, like Gecko) Chrome/140.0.0.0 Safari/537.36 Edg/140.0.0.0","info","production","main","","lambda","/api/auth/login","www.samanaffa.com","www.samanaffa.com","dpl_5owdQ5YGHVWBGMzx6AKdgraAmXeR",712,"iad1",161,2048,"","prj_RbTSqujZK7ZAbbRKQ3Bc1AnoDqSM","","","01K75MFNYMFQHNE169RVXZV9PK","19iBeMo2PYuB",1
"2025-10-09 23:21:39",1760052099910,"www.samanaffa.com/","GET","",200,"qcwbr-1760052099647-ff28ccdab47b","Mozilla/5.0 (Macintosh; Intel Mac OS X 10_15_7) AppleWebKit/537.36 (KHTML, like Gecko) Chrome/140.0.0.0 Safari/537.36 Edg/140.0.0.0","info","production","main","PRERENDER","static","/","www.samanaffa.com","www.samanaffa.com","dpl_5owdQ5YGHVWBGMzx6AKdgraAmXeR",-1,"",-1,-1,"","prj_RbTSqujZK7ZAbbRKQ3Bc1AnoDqSM","","","","",-1
"2025-10-09 23:21:39",1760052099643,"www.samanaffa.com/api/auth/session","GET","",200,"cmmg6-1760052099598-11b7f244f301","Mozilla/5.0 (Macintosh; Intel Mac OS X 10_15_7) AppleWebKit/537.36 (KHTML, like Gecko) Chrome/140.0.0.0 Safari/537.36 Edg/140.0.0.0","info","production","main","","lambda","/api/auth/[...nextauth]","www.samanaffa.com","www.samanaffa.com","dpl_5owdQ5YGHVWBGMzx6AKdgraAmXeR",10,"iad1",160,2048,"","prj_RbTSqujZK7ZAbbRKQ3Bc1AnoDqSM","","","01K75MFEHVRKJ6Y9W97YBR42PK","19iBeMo2PYuB",1
"2025-10-09 23:21:39",1760052099352,"www.samanaffa.com/login","GET","",200,"94wr7-1760052099128-7b0ec11a1231","Mozilla/5.0 (Macintosh; Intel Mac OS X 10_15_7) AppleWebKit/537.36 (KHTML, like Gecko) Chrome/140.0.0.0 Safari/537.36 Edg/140.0.0.0","info","production","main","PRERENDER","static","/login","www.samanaffa.com","www.samanaffa.com","dpl_5owdQ5YGHVWBGMzx6AKdgraAmXeR",-1,"",-1,-1,"","prj_RbTSqujZK7ZAbbRKQ3Bc1AnoDqSM","","","","",-1
"2025-10-09 23:21:38",1760052098915,"www.samanaffa.com/api/auth/signout","POST","",200,"94wr7-1760052098873-833a2cf8542e","Mozilla/5.0 (Macintosh; Intel Mac OS X 10_15_7) AppleWebKit/537.36 (KHTML, like Gecko) Chrome/140.0.0.0 Safari/537.36 Edg/140.0.0.0","info","production","main","","lambda","/api/auth/[...nextauth]","www.samanaffa.com","www.samanaffa.com","dpl_5owdQ5YGHVWBGMzx6AKdgraAmXeR",18,"iad1",160,2048,"","prj_RbTSqujZK7ZAbbRKQ3Bc1AnoDqSM","","","01K75MFDV30JJ38B2QTN06D7HN","19iBeMo2PYuB",1
"2025-10-09 23:21:38",1760052098718,"www.samanaffa.com/api/auth/csrf","GET","",200,"94wr7-1760052098671-d31993110798","Mozilla/5.0 (Macintosh; Intel Mac OS X 10_15_7) AppleWebKit/537.36 (KHTML, like Gecko) Chrome/140.0.0.0 Safari/537.36 Edg/140.0.0.0","info","production","main","","lambda","/api/auth/[...nextauth]","www.samanaffa.com","www.samanaffa.com","dpl_5owdQ5YGHVWBGMzx6AKdgraAmXeR",9,"iad1",160,2048,"","prj_RbTSqujZK7ZAbbRKQ3Bc1AnoDqSM","","","01K75MFDMYQY9JQMX5CYSDGHH4","19iBeMo2PYuB",1
"2025-10-09 23:21:29",1760052089972,"www.samanaffa.com/api/transactions/intent","GET","userId=cmg9f5vj2000li4fomlq9ths8&limit=5&offset=1",200,"qcwbr-1760052089926-684fcd5675b1","Mozilla/5.0 (Macintosh; Intel Mac OS X 10_15_7) AppleWebKit/537.36 (KHTML, like Gecko) Chrome/140.0.0.0 Safari/537.36 Edg/140.0.0.0","info","production","main","","lambda","/api/transactions/intent","www.samanaffa.com","www.samanaffa.com","dpl_5owdQ5YGHVWBGMzx6AKdgraAmXeR",324,"iad1",160,2048,"","prj_RbTSqujZK7ZAbbRKQ3Bc1AnoDqSM","","","01K75MF53MBGG5YBRPD9V38XT1","19iBeMo2PYuB",1
"2025-10-09 23:21:27",1760052087969,"www.samanaffa.com/api/auth/session","GET","",200,"qcwbr-1760052087919-94a56879fd1a","Mozilla/5.0 (Macintosh; Intel Mac OS X 10_15_7) AppleWebKit/537.36 (KHTML, like Gecko) Chrome/140.0.0.0 Safari/537.36 Edg/140.0.0.0","info","production","main","","lambda","/api/auth/[...nextauth]","www.samanaffa.com","www.samanaffa.com","dpl_5owdQ5YGHVWBGMzx6AKdgraAmXeR",154,"iad1",160,2048,"","prj_RbTSqujZK7ZAbbRKQ3Bc1AnoDqSM","","","01K75MF3510XPACSX3NM8J77EG","19iBeMo2PYuB",1
"2025-10-09 23:19:53",1760051993672,"www.samanaffa.com/api/transactions/intent","GET","userId=cmg9f5vj2000li4fomlq9ths8&limit=5&offset=0",200,"dgjgd-1760051993616-53a99ac6754d","Mozilla/5.0 (Macintosh; Intel Mac OS X 10_15_7) AppleWebKit/537.36 (KHTML, like Gecko) Chrome/140.0.0.0 Safari/537.36 Edg/140.0.0.0","info","production","main","","lambda","/api/transactions/intent","www.samanaffa.com","www.samanaffa.com","dpl_5owdQ5YGHVWBGMzx6AKdgraAmXeR",246,"iad1",150,2048,"","prj_RbTSqujZK7ZAbbRKQ3Bc1AnoDqSM","","","01K75MC7287E8FQ1RBW9EMGXAY","19iBeMo2PYuB",1
"2025-10-09 23:19:51",1760051991515,"www.samanaffa.com/api/transactions/intent","GET","userId=cmg9f5vj2000li4fomlq9ths8&limit=5&offset=0",200,"672mk-1760051991467-cc3320944a01","Mozilla/5.0 (Macintosh; Intel Mac OS X 10_15_7) AppleWebKit/537.36 (KHTML, like Gecko) Chrome/140.0.0.0 Safari/537.36 Edg/140.0.0.0","info","production","main","","lambda","/api/transactions/intent","www.samanaffa.com","www.samanaffa.com","dpl_5owdQ5YGHVWBGMzx6AKdgraAmXeR",251,"iad1",150,2048,"","prj_RbTSqujZK7ZAbbRKQ3Bc1AnoDqSM","","","01K75MC4YVJ033PEEH4E4E1PFK","19iBeMo2PYuB",1
"2025-10-09 23:19:42",1760051982044,"www.samanaffa.com/api/transactions/intent","GET","userId=cmg9f5vj2000li4fomlq9ths8&limit=5&offset=0",200,"nbb5r-1760051981997-9fd8f8a79f74","Mozilla/5.0 (Macintosh; Intel Mac OS X 10_15_7) AppleWebKit/537.36 (KHTML, like Gecko) Chrome/140.0.0.0 Safari/537.36 Edg/140.0.0.0","info","production","main","","lambda","/api/transactions/intent","www.samanaffa.com","www.samanaffa.com","dpl_5owdQ5YGHVWBGMzx6AKdgraAmXeR",356,"iad1",150,2048,"","prj_RbTSqujZK7ZAbbRKQ3Bc1AnoDqSM","","","01K75MBVPXNEQJ654CXWXXTCJT","19iBeMo2PYuB",1
"2025-10-09 23:19:03",1760051943502,"www.samanaffa.com/api/transactions/intent","GET","userId=cmg9f5vj2000li4fomlq9ths8&limit=5&offset=14",200,"wrjlv-1760051943454-dc57fee60fd0","Mozilla/5.0 (Macintosh; Intel Mac OS X 10_15_7) AppleWebKit/537.36 (KHTML, like Gecko) Chrome/140.0.0.0 Safari/537.36 Edg/140.0.0.0","info","production","main","","lambda","/api/transactions/intent","www.samanaffa.com","www.samanaffa.com","dpl_5owdQ5YGHVWBGMzx6AKdgraAmXeR",267,"iad1",150,2048,"","prj_RbTSqujZK7ZAbbRKQ3Bc1AnoDqSM","","","01K75MAP2E9XF4SER7NT6PMQR8","19iBeMo2PYuB",1
"2025-10-09 23:19:00",1760051940844,"www.samanaffa.com/api/transactions/intent","GET","userId=cmg9f5vj2000li4fomlq9ths8&limit=5&offset=9",200,"p8b78-1760051940779-d1ad6383a67e","Mozilla/5.0 (Macintosh; Intel Mac OS X 10_15_7) AppleWebKit/537.36 (KHTML, like Gecko) Chrome/140.0.0.0 Safari/537.36 Edg/140.0.0.0","info","production","main","","lambda","/api/transactions/intent","www.samanaffa.com","www.samanaffa.com","dpl_5owdQ5YGHVWBGMzx6AKdgraAmXeR",327,"iad1",149,2048,"","prj_RbTSqujZK7ZAbbRKQ3Bc1AnoDqSM","","","01K75MAKFC9QWK5XQ02G4PXHQK","19iBeMo2PYuB",1
"2025-10-09 23:18:58",1760051938562,"www.samanaffa.com/api/transactions/intent","GET","userId=cmg9f5vj2000li4fomlq9ths8&limit=5&offset=4",200,"4qmxv-1760051938516-a6861fb1b9eb","Mozilla/5.0 (Macintosh; Intel Mac OS X 10_15_7) AppleWebKit/537.36 (KHTML, like Gecko) Chrome/140.0.0.0 Safari/537.36 Edg/140.0.0.0","info","production","main","","lambda","/api/transactions/intent","www.samanaffa.com","www.samanaffa.com","dpl_5owdQ5YGHVWBGMzx6AKdgraAmXeR",329,"iad1",148,2048,"","prj_RbTSqujZK7ZAbbRKQ3Bc1AnoDqSM","","","01K75MAH82G639G8FNYK1HVD51","19iBeMo2PYuB",1
"2025-10-09 23:18:54",1760051934464,"www.samanaffa.com/api/transactions/intent","GET","userId=cmg9f5vj2000li4fomlq9ths8&limit=5&offset=0",200,"g4trm-1760051934420-50b72e419701","Mozilla/5.0 (Macintosh; Intel Mac OS X 10_15_7) AppleWebKit/537.36 (KHTML, like Gecko) Chrome/140.0.0.0 Safari/537.36 Edg/140.0.0.0","info","production","main","","lambda","/api/transactions/intent","www.samanaffa.com","www.samanaffa.com","dpl_5owdQ5YGHVWBGMzx6AKdgraAmXeR",250,"iad1",147,2048,"","prj_RbTSqujZK7ZAbbRKQ3Bc1AnoDqSM","","","01K75MAD801QWKYG3A4SHXSGVQ","19iBeMo2PYuB",1
"2025-10-09 23:18:49",1760051929959,"www.samanaffa.com/api/auth/session","GET","",200,"qcwbr-1760051929914-91ccbea81203","Mozilla/5.0 (Macintosh; Intel Mac OS X 10_15_7) AppleWebKit/537.36 (KHTML, like Gecko) Chrome/140.0.0.0 Safari/537.36 Edg/140.0.0.0","info","production","main","","lambda","/api/auth/[...nextauth]","www.samanaffa.com","www.samanaffa.com","dpl_5owdQ5YGHVWBGMzx6AKdgraAmXeR",17,"iad1",147,2048,"","prj_RbTSqujZK7ZAbbRKQ3Bc1AnoDqSM","","","01K75MA8V782ME4XN9WE4ZE1GN","19iBeMo2PYuB",1
"2025-10-09 23:18:45",1760051925095,"www.samanaffa.com/api/transactions/intent","GET","userId=cmg9f5vj2000li4fomlq9ths8&limit=5&offset=0",200,"54hnc-1760051925048-486d5509da91","Mozilla/5.0 (Macintosh; Intel Mac OS X 10_15_7) AppleWebKit/537.36 (KHTML, like Gecko) Chrome/140.0.0.0 Safari/537.36 Edg/140.0.0.0","info","production","main","","lambda","/api/transactions/intent","www.samanaffa.com","www.samanaffa.com","dpl_5owdQ5YGHVWBGMzx6AKdgraAmXeR",489,"iad1",146,2048,"","prj_RbTSqujZK7ZAbbRKQ3Bc1AnoDqSM","","","01K75MA43746AETPNVKMRSESB0","19iBeMo2PYuB",1
"2025-10-09 23:18:41",1760051921811,"www.samanaffa.com/api/accounts","GET","",200,"54hnc-1760051921761-8ea2d55f2fa6","Mozilla/5.0 (Macintosh; Intel Mac OS X 10_15_7) AppleWebKit/537.36 (KHTML, like Gecko) Chrome/140.0.0.0 Safari/537.36 Edg/140.0.0.0","info","production","main","","lambda","/api/accounts","www.samanaffa.com","www.samanaffa.com","dpl_5owdQ5YGHVWBGMzx6AKdgraAmXeR",1912,"iad1",145,2048,"","prj_RbTSqujZK7ZAbbRKQ3Bc1AnoDqSM","","","01K75MA0WKYR5XZPNWNSRRF7B7","19iBeMo2PYuB",1
"2025-10-09 23:18:41",1760051921807,"www.samanaffa.com/api/notifications","GET","",200,"nbb5r-1760051921761-9c0d789df10d","Mozilla/5.0 (Macintosh; Intel Mac OS X 10_15_7) AppleWebKit/537.36 (KHTML, like Gecko) Chrome/140.0.0.0 Safari/537.36 Edg/140.0.0.0","info","production","main","","lambda","/api/notifications","www.samanaffa.com","www.samanaffa.com","dpl_5owdQ5YGHVWBGMzx6AKdgraAmXeR",398,"iad1",174,2048,"","prj_RbTSqujZK7ZAbbRKQ3Bc1AnoDqSM","","","01K75MA0WF4FQEJ225XE2RRY1Y","nJlmQJBPkpUV",1
"2025-10-09 23:18:41",1760051921003,"www.samanaffa.com/api/users/profile","GET","",200,"nbb5r-1760051920960-3a0e2d9be15f","Mozilla/5.0 (Macintosh; Intel Mac OS X 10_15_7) AppleWebKit/537.36 (KHTML, like Gecko) Chrome/140.0.0.0 Safari/537.36 Edg/140.0.0.0","info","production","main","","lambda","/api/users/profile","www.samanaffa.com","www.samanaffa.com","dpl_5owdQ5YGHVWBGMzx6AKdgraAmXeR",480,"iad1",174,2048,"","prj_RbTSqujZK7ZAbbRKQ3Bc1AnoDqSM","","","01K75MA03BBDRTJ9562FNT1BB7","nJlmQJBPkpUV",1
"2025-10-09 23:18:40",1760051920792,"www.samanaffa.com/portal/sama-naffa","GET","",200,"nbb5r-1760051920785-d927df50b511","Mozilla/5.0 (Macintosh; Intel Mac OS X 10_15_7) AppleWebKit/537.36 (KHTML, like Gecko) Chrome/140.0.0.0 Safari/537.36 Edg/140.0.0.0","info","production","main","","edge-middleware","/middleware","www.samanaffa.com","www.samanaffa.com","dpl_5owdQ5YGHVWBGMzx6AKdgraAmXeR",-1,"lhr1",-1,-1,"","prj_RbTSqujZK7ZAbbRKQ3Bc1AnoDqSM","","","01K75M9ZWRKZV3DYZ58H3H59CK","vjLvxq5flyxQ",-1
"2025-10-09 23:18:35",1760051915176,"www.samanaffa.com/api/auth/session","GET","",200,"q6ljd-1760051915132-1bec16bbc328","Mozilla/5.0 (Macintosh; Intel Mac OS X 10_15_7) AppleWebKit/537.36 (KHTML, like Gecko) Chrome/140.0.0.0 Safari/537.36 Edg/140.0.0.0","info","production","main","","lambda","/api/auth/[...nextauth]","www.samanaffa.com","www.samanaffa.com","dpl_5owdQ5YGHVWBGMzx6AKdgraAmXeR",11,"iad1",174,2048,"","prj_RbTSqujZK7ZAbbRKQ3Bc1AnoDqSM","","","01K75M9TD8SP3B4K02HVYFE01P","nJlmQJBPkpUV",1
"2025-10-09 23:18:34",1760051914791,"www.samanaffa.com/portal/sama-naffa/payment-success","GET","transactionId=cmgk1fqjy0001kz04ypdoiyk4&referenceNumber=SAMA_NAFFA-DEPOSIT-1760051863870-DLOD2I&amount=1&status=success&num_transaction_from_gu=1760051867150&num_command=SAMA_NAFFA-DEPOSIT-1760051863870-DLOD2I&errorCode=200",200,"stbsz-1760051914392-b380eca56089","Mozilla/5.0 (Macintosh; Intel Mac OS X 10_15_7) AppleWebKit/537.36 (KHTML, like Gecko) Chrome/140.0.0.0 Safari/537.36 Edg/140.0.0.0","info","production","main","PRERENDER","static","/portal/sama-naffa/payment-success","www.samanaffa.com","www.samanaffa.com","dpl_5owdQ5YGHVWBGMzx6AKdgraAmXeR",-1,"",-1,-1,"","prj_RbTSqujZK7ZAbbRKQ3Bc1AnoDqSM","","","","",-1
"2025-10-09 23:18:34",1760051914508,"www.samanaffa.com/portal/sama-naffa/payment-success","GET","transactionId=cmgk1fqjy0001kz04ypdoiyk4&referenceNumber=SAMA_NAFFA-DEPOSIT-1760051863870-DLOD2I&amount=1&status=success&num_transaction_from_gu=1760051867150&num_command=SAMA_NAFFA-DEPOSIT-1760051863870-DLOD2I&errorCode=200",200,"stbsz-1760051914392-b380eca56089","Mozilla/5.0 (Macintosh; Intel Mac OS X 10_15_7) AppleWebKit/537.36 (KHTML, like Gecko) Chrome/140.0.0.0 Safari/537.36 Edg/140.0.0.0","info","production","main","","edge-middleware","/middleware","www.samanaffa.com","www.samanaffa.com","dpl_5owdQ5YGHVWBGMzx6AKdgraAmXeR",-1,"lhr1",-1,-1,"","prj_RbTSqujZK7ZAbbRKQ3Bc1AnoDqSM","","","01K75M9SRC1NJT23FEKYY7FR42","vjLvxq5flyxQ",-1
"2025-10-09 23:17:44",1760051864528,"www.samanaffa.com/api/transactions/intent","POST","",200,"qcwbr-1760051864484-0892744b2847","Mozilla/5.0 (Macintosh; Intel Mac OS X 10_15_7) AppleWebKit/537.36 (KHTML, like Gecko) Chrome/140.0.0.0 Safari/537.36 Edg/140.0.0.0","info","production","main","","lambda","/api/transactions/intent","www.samanaffa.com","www.samanaffa.com","dpl_5owdQ5YGHVWBGMzx6AKdgraAmXeR",1375,"iad1",174,2048,"","prj_RbTSqujZK7ZAbbRKQ3Bc1AnoDqSM","","","01K75M88YGMGFY0C06HKN6XH2Y","nJlmQJBPkpUV",1
"2025-10-09 23:17:44",1760051864147,"www.samanaffa.com/api/payments/intouch/config","GET","",200,"qcwbr-1760051863993-f350377a080c","Mozilla/5.0 (Macintosh; Intel Mac OS X 10_15_7) AppleWebKit/537.36 (KHTML, like Gecko) Chrome/140.0.0.0 Safari/537.36 Edg/140.0.0.0","info","production","main","","lambda","/api/payments/intouch/config","www.samanaffa.com","www.samanaffa.com","dpl_5owdQ5YGHVWBGMzx6AKdgraAmXeR",13,"iad1",174,2048,"","prj_RbTSqujZK7ZAbbRKQ3Bc1AnoDqSM","","","01K75M88JKNGB3TFHATZ2CE6CJ","nJlmQJBPkpUV",1
"2025-10-09 23:17:43",1760051863409,"www.samanaffa.com/api/accounts","GET","",200,"g4trm-1760051863360-7e35272bed99","Mozilla/5.0 (Macintosh; Intel Mac OS X 10_15_7) AppleWebKit/537.36 (KHTML, like Gecko) Chrome/140.0.0.0 Safari/537.36 Edg/140.0.0.0","info","production","main","","lambda","/api/accounts","www.samanaffa.com","www.samanaffa.com","dpl_5owdQ5YGHVWBGMzx6AKdgraAmXeR",434,"iad1",174,2048,"","prj_RbTSqujZK7ZAbbRKQ3Bc1AnoDqSM","","","01K75M87VH2TVE7QBEY08NZ84Z","nJlmQJBPkpUV",1
"2025-10-09 23:17:16",1760051836686,"www.samanaffa.com/api/transactions/intent","GET","userId=cmg9f5vj2000li4fomlq9ths8&limit=5&offset=10",200,"sb9kj-1760051836480-7ace3c13c158","Mozilla/5.0 (Macintosh; Intel Mac OS X 10_15_7) AppleWebKit/537.36 (KHTML, like Gecko) Chrome/140.0.0.0 Safari/537.36 Edg/140.0.0.0","info","production","main","","lambda","/api/transactions/intent","www.samanaffa.com","www.samanaffa.com","dpl_5owdQ5YGHVWBGMzx6AKdgraAmXeR",443,"iad1",174,2048,"","prj_RbTSqujZK7ZAbbRKQ3Bc1AnoDqSM","","","01K75M7DREMBQRCYPPJV9WNEGK","nJlmQJBPkpUV",1
"2025-10-09 23:15:27",1760051727934,"www.samanaffa.com/api/transactions/intent","GET","userId=cmg9f5vj2000li4fomlq9ths8&limit=5&offset=5",200,"vhx79-1760051727889-791d9f2c80b0","Mozilla/5.0 (Macintosh; Intel Mac OS X 10_15_7) AppleWebKit/537.36 (KHTML, like Gecko) Chrome/140.0.0.0 Safari/537.36 Edg/140.0.0.0","info","production","main","","lambda","/api/transactions/intent","www.samanaffa.com","www.samanaffa.com","dpl_5owdQ5YGHVWBGMzx6AKdgraAmXeR",243,"iad1",147,2048,"","prj_RbTSqujZK7ZAbbRKQ3Bc1AnoDqSM","","","01K75M43HYS4DPE8B6F07D1ZQX","nJlmQJBPkpUV",1
"2025-10-09 23:15:20",1760051720656,"www.samanaffa.com/api/transactions/intent","GET","userId=cmg9f5vj2000li4fomlq9ths8&limit=5&offset=0",200,"pvjd7-1760051720612-87c1d4045d68","Mozilla/5.0 (Macintosh; Intel Mac OS X 10_15_7) AppleWebKit/537.36 (KHTML, like Gecko) Chrome/140.0.0.0 Safari/537.36 Edg/140.0.0.0","info","production","main","","lambda","/api/transactions/intent","www.samanaffa.com","www.samanaffa.com","dpl_5owdQ5YGHVWBGMzx6AKdgraAmXeR",248,"iad1",147,2048,"","prj_RbTSqujZK7ZAbbRKQ3Bc1AnoDqSM","","","01K75M3WEGQ18M7848XKDKCPRS","nJlmQJBPkpUV",1
"2025-10-09 23:15:18",1760051718842,"www.samanaffa.com/api/transactions/intent","GET","userId=cmg9f5vj2000li4fomlq9ths8&limit=5&offset=0",200,"pvjd7-1760051718800-7eddce989ebc","Mozilla/5.0 (Macintosh; Intel Mac OS X 10_15_7) AppleWebKit/537.36 (KHTML, like Gecko) Chrome/140.0.0.0 Safari/537.36 Edg/140.0.0.0","info","production","main","","lambda","/api/transactions/intent","www.samanaffa.com","www.samanaffa.com","dpl_5owdQ5YGHVWBGMzx6AKdgraAmXeR",509,"iad1",147,2048,"","prj_RbTSqujZK7ZAbbRKQ3Bc1AnoDqSM","","","01K75M3TNTVH3J9AY9V8DH38QE","nJlmQJBPkpUV",1
"2025-10-09 23:15:17",1760051717789,"www.samanaffa.com/api/accounts","GET","",200,"p8b78-1760051717628-ef4653c1ef12","Mozilla/5.0 (Macintosh; Intel Mac OS X 10_15_7) AppleWebKit/537.36 (KHTML, like Gecko) Chrome/140.0.0.0 Safari/537.36 Edg/140.0.0.0","info","production","main","","lambda","/api/accounts","www.samanaffa.com","www.samanaffa.com","dpl_5owdQ5YGHVWBGMzx6AKdgraAmXeR",802,"iad1",106,2048,"","prj_RbTSqujZK7ZAbbRKQ3Bc1AnoDqSM","","","01K75M3SH46KG8AJ3VG10ANGVD","nJlmQJBPkpUV",2
"2025-10-09 23:15:17",1760051717668,"www.samanaffa.com/api/notifications","GET","",200,"pvjd7-1760051717621-b093f6f179cf","Mozilla/5.0 (Macintosh; Intel Mac OS X 10_15_7) AppleWebKit/537.36 (KHTML, like Gecko) Chrome/140.0.0.0 Safari/537.36 Edg/140.0.0.0","info","production","main","","lambda","/api/notifications","www.samanaffa.com","www.samanaffa.com","dpl_5owdQ5YGHVWBGMzx6AKdgraAmXeR",248,"iad1",146,2048,"","prj_RbTSqujZK7ZAbbRKQ3Bc1AnoDqSM","","","01K75M3SH46KG8AJ3VG10ANGVD","nJlmQJBPkpUV",2
"2025-10-09 23:15:16",1760051716961,"www.samanaffa.com/portal/sama-naffa","GET","",200,"pvjd7-1760051716672-b1ef239ebb7b","Mozilla/5.0 (Macintosh; Intel Mac OS X 10_15_7) AppleWebKit/537.36 (KHTML, like Gecko) Chrome/140.0.0.0 Safari/537.36 Edg/140.0.0.0","info","production","main","PRERENDER","static","/portal/sama-naffa","www.samanaffa.com","www.samanaffa.com","dpl_5owdQ5YGHVWBGMzx6AKdgraAmXeR",-1,"",-1,-1,"","prj_RbTSqujZK7ZAbbRKQ3Bc1AnoDqSM","","","","",-1
"2025-10-09 23:15:16",1760051716675,"www.samanaffa.com/portal/sama-naffa","GET","",200,"pvjd7-1760051716672-b1ef239ebb7b","Mozilla/5.0 (Macintosh; Intel Mac OS X 10_15_7) AppleWebKit/537.36 (KHTML, like Gecko) Chrome/140.0.0.0 Safari/537.36 Edg/140.0.0.0","info","production","main","","edge-middleware","/middleware","www.samanaffa.com","www.samanaffa.com","dpl_5owdQ5YGHVWBGMzx6AKdgraAmXeR",-1,"lhr1",-1,-1,"","prj_RbTSqujZK7ZAbbRKQ3Bc1AnoDqSM","","","01K75M3RJ38EY0AQ90E175DA55","vjLvxq5flyxQ",-1
"2025-10-09 23:15:13",1760051713997,"www.samanaffa.com/api/notifications","GET","",200,"p8b78-1760051713815-d6f273285b76","Mozilla/5.0 (Macintosh; Intel Mac OS X 10_15_7) AppleWebKit/537.36 (KHTML, like Gecko) Chrome/140.0.0.0 Safari/537.36 Edg/140.0.0.0","info","production","main","","lambda","/api/notifications","www.samanaffa.com","www.samanaffa.com","dpl_5owdQ5YGHVWBGMzx6AKdgraAmXeR",827,"iad1",145,2048,"","prj_RbTSqujZK7ZAbbRKQ3Bc1AnoDqSM","","","01K75M3NYD7K5S95D1207VN0M0","nJlmQJBPkpUV",1
"2025-10-09 23:15:13",1760051713156,"www.samanaffa.com/api/transactions/intent","GET","userId=cmg9f5vj2000li4fomlq9ths8&limit=10",200,"p8b78-1760051712966-60673fdfa2f6","Mozilla/5.0 (Macintosh; Intel Mac OS X 10_15_7) AppleWebKit/537.36 (KHTML, like Gecko) Chrome/140.0.0.0 Safari/537.36 Edg/140.0.0.0","info","production","main","","lambda","/api/transactions/intent","www.samanaffa.com","www.samanaffa.com","dpl_5owdQ5YGHVWBGMzx6AKdgraAmXeR",501,"iad1",143,2048,"","prj_RbTSqujZK7ZAbbRKQ3Bc1AnoDqSM","","","01K75M3N44H8RF28VH80MC4D4G","nJlmQJBPkpUV",1
"2025-10-09 23:15:12",1760051712312,"www.samanaffa.com/api/users/profile","GET","",200,"p8b78-1760051712145-2209ec920652","Mozilla/5.0 (Macintosh; Intel Mac OS X 10_15_7) AppleWebKit/537.36 (KHTML, like Gecko) Chrome/140.0.0.0 Safari/537.36 Edg/140.0.0.0","info","production","main","","lambda","/api/users/profile","www.samanaffa.com","www.samanaffa.com","dpl_5owdQ5YGHVWBGMzx6AKdgraAmXeR",507,"iad1",142,2048,"","prj_RbTSqujZK7ZAbbRKQ3Bc1AnoDqSM","","","01K75M3M9RTNZW9N2SERCBT21B","nJlmQJBPkpUV",1
"2025-10-09 23:15:11",1760051711815,"www.samanaffa.com/portal/dashboard","GET","",200,"p8b78-1760051711457-7b9c48aff83a","Mozilla/5.0 (Macintosh; Intel Mac OS X 10_15_7) AppleWebKit/537.36 (KHTML, like Gecko) Chrome/140.0.0.0 Safari/537.36 Edg/140.0.0.0","info","production","main","PRERENDER","static","/portal/dashboard","www.samanaffa.com","www.samanaffa.com","dpl_5owdQ5YGHVWBGMzx6AKdgraAmXeR",-1,"",-1,-1,"","prj_RbTSqujZK7ZAbbRKQ3Bc1AnoDqSM","","","","",-1
"2025-10-09 23:15:11",1760051711459,"www.samanaffa.com/portal/dashboard","GET","",200,"p8b78-1760051711457-7b9c48aff83a","Mozilla/5.0 (Macintosh; Intel Mac OS X 10_15_7) AppleWebKit/537.36 (KHTML, like Gecko) Chrome/140.0.0.0 Safari/537.36 Edg/140.0.0.0","info","production","main","","edge-middleware","/middleware","www.samanaffa.com","www.samanaffa.com","dpl_5owdQ5YGHVWBGMzx6AKdgraAmXeR",-1,"lhr1",-1,-1,"","prj_RbTSqujZK7ZAbbRKQ3Bc1AnoDqSM","","","01K75M3KF37J3M1MM51S1KV4Z6","vjLvxq5flyxQ",-1
"2025-10-09 23:15:11",1760051711263,"www.samanaffa.com/api/auth/session","GET","",200,"p8b78-1760051711221-ac8502aa1fde","Mozilla/5.0 (Macintosh; Intel Mac OS X 10_15_7) AppleWebKit/537.36 (KHTML, like Gecko) Chrome/140.0.0.0 Safari/537.36 Edg/140.0.0.0","info","production","main","","lambda","/api/auth/[...nextauth]","www.samanaffa.com","www.samanaffa.com","dpl_5owdQ5YGHVWBGMzx6AKdgraAmXeR",16,"iad1",142,2048,"","prj_RbTSqujZK7ZAbbRKQ3Bc1AnoDqSM","","","01K75M3K8ZA05C5814KN89D8J3","nJlmQJBPkpUV",1
"2025-10-09 23:15:10",1760051710532,"www.samanaffa.com/api/auth/callback/credentials","POST","",200,"p8b78-1760051710487-6d5e037f5193","Mozilla/5.0 (Macintosh; Intel Mac OS X 10_15_7) AppleWebKit/537.36 (KHTML, like Gecko) Chrome/140.0.0.0 Safari/537.36 Edg/140.0.0.0","info","production","main","","lambda","/api/auth/[...nextauth]","www.samanaffa.com","www.samanaffa.com","dpl_5owdQ5YGHVWBGMzx6AKdgraAmXeR",543,"iad1",142,2048,"","prj_RbTSqujZK7ZAbbRKQ3Bc1AnoDqSM","","","01K75M3JJ48AP2KJJZQ6XCFJ4P","nJlmQJBPkpUV",1
"2025-10-09 23:15:10",1760051710335,"www.samanaffa.com/api/auth/csrf","GET","",200,"p8b78-1760051710292-589741847f9a","Mozilla/5.0 (Macintosh; Intel Mac OS X 10_15_7) AppleWebKit/537.36 (KHTML, like Gecko) Chrome/140.0.0.0 Safari/537.36 Edg/140.0.0.0","info","production","main","","lambda","/api/auth/[...nextauth]","www.samanaffa.com","www.samanaffa.com","dpl_5owdQ5YGHVWBGMzx6AKdgraAmXeR",12,"iad1",142,2048,"","prj_RbTSqujZK7ZAbbRKQ3Bc1AnoDqSM","","","01K75M3JBZP69NWZ3FHCGZD1N0","nJlmQJBPkpUV",1
"2025-10-09 23:15:10",1760051710140,"www.samanaffa.com/api/auth/providers","GET","",200,"p8b78-1760051710096-70406e0ac6c2","Mozilla/5.0 (Macintosh; Intel Mac OS X 10_15_7) AppleWebKit/537.36 (KHTML, like Gecko) Chrome/140.0.0.0 Safari/537.36 Edg/140.0.0.0","info","production","main","","lambda","/api/auth/[...nextauth]","www.samanaffa.com","www.samanaffa.com","dpl_5owdQ5YGHVWBGMzx6AKdgraAmXeR",13,"iad1",141,2048,"","prj_RbTSqujZK7ZAbbRKQ3Bc1AnoDqSM","","","01K75M3J5WSCQ0XXEPV33VFERA","nJlmQJBPkpUV",1
"2025-10-09 23:15:08",1760051708196,"www.samanaffa.com/api/auth/login","POST","",200,"p8b78-1760051708001-3b01884344c1","Mozilla/5.0 (Macintosh; Intel Mac OS X 10_15_7) AppleWebKit/537.36 (KHTML, like Gecko) Chrome/140.0.0.0 Safari/537.36 Edg/140.0.0.0","info","production","main","","lambda","/api/auth/login","www.samanaffa.com","www.samanaffa.com","dpl_5owdQ5YGHVWBGMzx6AKdgraAmXeR",1757,"iad1",141,2048,"","prj_RbTSqujZK7ZAbbRKQ3Bc1AnoDqSM","","","01K75M3G94Y1X1M81J2MXMR2VV","nJlmQJBPkpUV",1
"2025-10-09 23:15:00",1760051700759,"www.samanaffa.com/ape","GET","",200,"stbsz-1760051700517-8aa16bd80f4d","Mozilla/5.0 (Macintosh; Intel Mac OS X 10_15_7) AppleWebKit/537.36 (KHTML, like Gecko) Chrome/140.0.0.0 Safari/537.36 Edg/140.0.0.0","info","production","main","PRERENDER","static","/ape","www.samanaffa.com","www.samanaffa.com","dpl_5owdQ5YGHVWBGMzx6AKdgraAmXeR",-1,"",-1,-1,"","prj_RbTSqujZK7ZAbbRKQ3Bc1AnoDqSM","","","","",-1
"2025-10-09 23:15:00",1760051700740,"www.samanaffa.com/sama-naffa","GET","",200,"ztxmg-1760051700517-a2aacfc1f355","Mozilla/5.0 (Macintosh; Intel Mac OS X 10_15_7) AppleWebKit/537.36 (KHTML, like Gecko) Chrome/140.0.0.0 Safari/537.36 Edg/140.0.0.0","info","production","main","PRERENDER","static","/sama-naffa","www.samanaffa.com","www.samanaffa.com","dpl_5owdQ5YGHVWBGMzx6AKdgraAmXeR",-1,"",-1,-1,"","prj_RbTSqujZK7ZAbbRKQ3Bc1AnoDqSM","","","","",-1
"2025-10-09 23:15:00",1760051700738,"www.samanaffa.com/login","GET","",200,"4qmxv-1760051700517-5fd3c69433cf","Mozilla/5.0 (Macintosh; Intel Mac OS X 10_15_7) AppleWebKit/537.36 (KHTML, like Gecko) Chrome/140.0.0.0 Safari/537.36 Edg/140.0.0.0","info","production","main","PRERENDER","static","/login","www.samanaffa.com","www.samanaffa.com","dpl_5owdQ5YGHVWBGMzx6AKdgraAmXeR",-1,"",-1,-1,"","prj_RbTSqujZK7ZAbbRKQ3Bc1AnoDqSM","","","","",-1
"2025-10-09 23:15:00",1760051700720,"www.samanaffa.com/register","GET","",200,"ztxmg-1760051700517-4e8b8518cabf","Mozilla/5.0 (Macintosh; Intel Mac OS X 10_15_7) AppleWebKit/537.36 (KHTML, like Gecko) Chrome/140.0.0.0 Safari/537.36 Edg/140.0.0.0","info","production","main","PRERENDER","static","/register","www.samanaffa.com","www.samanaffa.com","dpl_5owdQ5YGHVWBGMzx6AKdgraAmXeR",-1,"",-1,-1,"","prj_RbTSqujZK7ZAbbRKQ3Bc1AnoDqSM","","","","",-1
"2025-10-09 23:15:00",1760051700680,"www.samanaffa.com/api/auth/session","GET","",200,"dgjgd-1760051700517-b10e28a140e7","Mozilla/5.0 (Macintosh; Intel Mac OS X 10_15_7) AppleWebKit/537.36 (KHTML, like Gecko) Chrome/140.0.0.0 Safari/537.36 Edg/140.0.0.0","info","production","main","","lambda","/api/auth/[...nextauth]","www.samanaffa.com","www.samanaffa.com","dpl_5owdQ5YGHVWBGMzx6AKdgraAmXeR",193,"iad1",122,2048,"","prj_RbTSqujZK7ZAbbRKQ3Bc1AnoDqSM","","","01K75M38Y8NCPPWFDBPNPVXFRN","nJlmQJBPkpUV",1
"2025-10-09 23:14:57",1760051697814,"www.samanaffa.com/","GET","",200,"wnfhq-1760051697446-01e10a031800","Mozilla/5.0 (Macintosh; Intel Mac OS X 10_15_7) AppleWebKit/537.36 (KHTML, like Gecko) Chrome/140.0.0.0 Safari/537.36 Edg/140.0.0.0","info","production","main","PRERENDER","static","/","www.samanaffa.com","www.samanaffa.com","dpl_5owdQ5YGHVWBGMzx6AKdgraAmXeR",-1,"",-1,-1,"","prj_RbTSqujZK7ZAbbRKQ3Bc1AnoDqSM","","","","",-1
"2025-10-09 23:12:13",1760051533609,"samanaffa-landing-m3y6c7bd1-everestfins-projects.vercel.app/ape","GET","",200,"8nndk-1760051533380-7cb2353285c6","vercel-screenshot/1.0","info","production","main","PRERENDER","static","/ape","samanaffa-landing-m3y6c7bd1-everestfins-projects.vercel.app","samanaffa-landing-m3y6c7bd1-everestfins-projects.vercel.app","dpl_5owdQ5YGHVWBGMzx6AKdgraAmXeR",-1,"",-1,-1,"","prj_RbTSqujZK7ZAbbRKQ3Bc1AnoDqSM","","","","",-1
"2025-10-09 23:12:13",1760051533608,"samanaffa-landing-m3y6c7bd1-everestfins-projects.vercel.app/sama-naffa","GET","",200,"j4cc5-1760051533379-74633d2a6602","vercel-screenshot/1.0","info","production","main","PRERENDER","static","/sama-naffa","samanaffa-landing-m3y6c7bd1-everestfins-projects.vercel.app","samanaffa-landing-m3y6c7bd1-everestfins-projects.vercel.app","dpl_5owdQ5YGHVWBGMzx6AKdgraAmXeR",-1,"",-1,-1,"","prj_RbTSqujZK7ZAbbRKQ3Bc1AnoDqSM","","","","",-1
"2025-10-09 23:12:13",1760051533599,"samanaffa-landing-m3y6c7bd1-everestfins-projects.vercel.app/ape","GET","",200,"8rjmk-1760051533440-0f5de915d831","vercel-screenshot/1.0","info","production","main","PRERENDER","static","/ape","samanaffa-landing-m3y6c7bd1-everestfins-projects.vercel.app","samanaffa-landing-m3y6c7bd1-everestfins-projects.vercel.app","dpl_5owdQ5YGHVWBGMzx6AKdgraAmXeR",-1,"",-1,-1,"","prj_RbTSqujZK7ZAbbRKQ3Bc1AnoDqSM","","","","",-1
"2025-10-09 23:12:13",1760051533575,"samanaffa-landing-m3y6c7bd1-everestfins-projects.vercel.app/login","GET","",200,"hbcml-1760051533440-28ac4cea4a32","vercel-screenshot/1.0","info","production","main","PRERENDER","static","/login","samanaffa-landing-m3y6c7bd1-everestfins-projects.vercel.app","samanaffa-landing-m3y6c7bd1-everestfins-projects.vercel.app","dpl_5owdQ5YGHVWBGMzx6AKdgraAmXeR",-1,"",-1,-1,"","prj_RbTSqujZK7ZAbbRKQ3Bc1AnoDqSM","","","","",-1
"2025-10-09 23:12:13",1760051533573,"samanaffa-landing-m3y6c7bd1-everestfins-projects.vercel.app/login","GET","",200,"bt4fq-1760051533380-6aacfe43ccd9","vercel-screenshot/1.0","info","production","main","PRERENDER","static","/login","samanaffa-landing-m3y6c7bd1-everestfins-projects.vercel.app","samanaffa-landing-m3y6c7bd1-everestfins-projects.vercel.app","dpl_5owdQ5YGHVWBGMzx6AKdgraAmXeR",-1,"",-1,-1,"","prj_RbTSqujZK7ZAbbRKQ3Bc1AnoDqSM","","","","",-1
"2025-10-09 23:12:13",1760051533572,"samanaffa-landing-m3y6c7bd1-everestfins-projects.vercel.app/register","GET","",200,"vbjqp-1760051533440-8ad7a94b2489","vercel-screenshot/1.0","info","production","main","PRERENDER","static","/register","samanaffa-landing-m3y6c7bd1-everestfins-projects.vercel.app","samanaffa-landing-m3y6c7bd1-everestfins-projects.vercel.app","dpl_5owdQ5YGHVWBGMzx6AKdgraAmXeR",-1,"",-1,-1,"","prj_RbTSqujZK7ZAbbRKQ3Bc1AnoDqSM","","","","",-1
"2025-10-09 23:12:13",1760051533570,"samanaffa-landing-m3y6c7bd1-everestfins-projects.vercel.app/register","GET","",200,"8nndk-1760051533381-311a1f7ea349","vercel-screenshot/1.0","info","production","main","PRERENDER","static","/register","samanaffa-landing-m3y6c7bd1-everestfins-projects.vercel.app","samanaffa-landing-m3y6c7bd1-everestfins-projects.vercel.app","dpl_5owdQ5YGHVWBGMzx6AKdgraAmXeR",-1,"",-1,-1,"","prj_RbTSqujZK7ZAbbRKQ3Bc1AnoDqSM","","","","",-1
"2025-10-09 23:12:13",1760051533504,"samanaffa-landing-m3y6c7bd1-everestfins-projects.vercel.app/api/auth/session","GET","",200,"74gx4-1760051533347-60a2ad0262fd","vercel-screenshot/1.0","info","production","main","","lambda","/api/auth/[...nextauth]","samanaffa-landing-m3y6c7bd1-everestfins-projects.vercel.app","samanaffa-landing-m3y6c7bd1-everestfins-projects.vercel.app","dpl_5owdQ5YGHVWBGMzx6AKdgraAmXeR",637,"iad1",126,2048,"","prj_RbTSqujZK7ZAbbRKQ3Bc1AnoDqSM","","","01K75KY5P05EFJ4NX0D5PVGSZ8","jfFzGnTnBoE6",1
"2025-10-09 23:12:13",1760051533502,"samanaffa-landing-m3y6c7bd1-everestfins-projects.vercel.app/api/auth/session","GET","",200,"l8w99-1760051533432-c965f646a216","vercel-screenshot/1.0","info","production","main","","lambda","/api/auth/[...nextauth]","samanaffa-landing-m3y6c7bd1-everestfins-projects.vercel.app","samanaffa-landing-m3y6c7bd1-everestfins-projects.vercel.app","dpl_5owdQ5YGHVWBGMzx6AKdgraAmXeR",476,"iad1",150,2048,"","prj_RbTSqujZK7ZAbbRKQ3Bc1AnoDqSM","","","01K75KY5NYX3NBBJC0XQ51KJ7F","YWinh7ZxpRZH",1
"2025-10-09 23:12:12",1760051532470,"samanaffa-landing-m3y6c7bd1-everestfins-projects.vercel.app/","GET","",200,"nxv57-1760051532038-c43b3dee48ad","vercel-screenshot/1.0","info","production","main","PRERENDER","static","/","samanaffa-landing-m3y6c7bd1-everestfins-projects.vercel.app","samanaffa-landing-m3y6c7bd1-everestfins-projects.vercel.app","dpl_5owdQ5YGHVWBGMzx6AKdgraAmXeR",-1,"",-1,-1,"","prj_RbTSqujZK7ZAbbRKQ3Bc1AnoDqSM","","","","",-1
"2025-10-09 23:12:12",1760051532426,"samanaffa-landing-m3y6c7bd1-everestfins-projects.vercel.app/","GET","",200,"52ckv-1760051532019-995821c91080","vercel-screenshot/1.0","info","production","main","PRERENDER","static","/","samanaffa-landing-m3y6c7bd1-everestfins-projects.vercel.app","samanaffa-landing-m3y6c7bd1-everestfins-projects.vercel.app","dpl_5owdQ5YGHVWBGMzx6AKdgraAmXeR",-1,"",-1,-1,"","prj_RbTSqujZK7ZAbbRKQ3Bc1AnoDqSM","","","","",-1
